"Timestamp","Did you find this session helpful?","Did you learn something new?","Did this session answer your questions? If not, what is missing?","Are you happy to share your contact details with the rest of the group?","Any comments on the presenter, workshop planning, logistics, etc...?  "
"2019/06/26 3:58:52 pm GMT","Yes","Yes","Cam with an open mind so questions and answers arose during the session.","","All good thanks"
"2019/06/26 3:58:55 pm GMT","Yes","yes!I liked the discussion about the diversity","yes","sure",""
"2019/06/26 3:59:20 pm GMT","Yes","yes","yes","yes please",""
"2019/06/26 3:59:59 pm GMT","Yes","Yes - useful to hear how other people do things and the issues we are dealing with","It raised more questions than answers, but in a good way","Yes","You have great ideas and are very good at breaking unseen assumptions!"
"2019/06/26 4:00:28 pm GMT","Yes","Yes, if nothing else that we all share many concerns and are thinking about this and are willing to learn from eachother","Partly, but the question(s) is/are big and there are many answers to get.","Yes: lex.nederbragt@ibv.uio.no","Maybe as someone to be moderator/gatekeeper of the discussion, checking for people raising their hands and make sure everyone gets to say something (inspired by https://frameshiftconsulting.com/meeting-skills)"
"2019/06/26 4:00:58 pm GMT","Yes","The importance of being seen to respond to issues; the importance of sticking to schedule","Yes - though I'm sure there's plenty more we can do that we didn't cover","Yes","It was a pity about the tiny.cc links - but it was handled well"
"2019/06/26 4:04:10 pm GMT","Yes","Yes! To become more aware on engagitg with the stedents","Yes, even the ones I didn't know I had. ","Yes, I'm the one interested to know what makes you angry. ","It was good, entertained and engaged. I learnt stuff and got more stuff  in my todo list. "
"2019/06/26 4:04:13 pm GMT","Yes","Yes! In the end, you only encounter a certain number of situations depending on the # of workshops you've done, so it's good to exploit collective intelligence and experience. ","I think so – it's hard to see what is missing if you don't know? I did learn a lot (:","@emmy_ft on twitter, and e.tsang@elifesciences.org (you need to rephrase this question! We almost answered Yes, which wouldn't help you ;))","Great first workshop! There's a lot to take away (a list is always useful as a take-home), you did an amazing job moderating, and your experience-ness as a trainer comes through. I do find the 20-minute/1min silence thing useful, it stops people from dominating conversations too, but not sure about other people in the room. "
"2019/06/26 11:56:14 pm GMT","yes but in an unexpected way","","from the title, i was expecting to learn, how training CSS is different to other subjects and best practices for training i.e the value of screencasts, cloud computing. What works well with such a skills based subject. Instead it was a chat on diversity and inclusion (which is really interesting) just would have liked to have known that. ","Yes","You were great and friendly, i liked the minute thing but it could be planned around after session sections finish, group work or discussions etc. I think  it should be renames to ""how to run inclusive CSS training"". "